{"cameraMode":{"drawMode":0,"name":"Shaded","section":"Shading Mode"},"sceneLighting":false,"audioPlay":false,"sceneViewState":{"showFog":true,"showMaterialUpdate":false,"showSkybox":false,"showFlares":true,"showImageEffects":true,"showParticleSystems":true},"in2DMode":false,"pivot":{"x":2.5099997520446779,"y":0.0,"z":2.384185791015625e-7},"rotation":{"x":0.32783016562461855,"y":-0.03605526313185692,"z":0.012454372830688954,"w":0.9441090822219849},"size":5.715767860412598,"orthographic":true}