{"cameraMode":{"drawMode":0,"name":"Shaded","section":"Shading Mode"},"sceneLighting":true,"audioPlay":false,"sceneViewState":{"showFog":true,"showMaterialUpdate":false,"showSkybox":true,"showFlares":true,"showImageEffects":true,"showParticleSystems":true},"in2DMode":false,"pivot":{"x":1.2339214086532593,"y":2.7004518508911135,"z":-6.355111598968506},"rotation":{"x":-0.05281434953212738,"y":-0.8350257873535156,"z":0.08143097162246704,"w":-0.541619598865509},"size":10.0,"orthographic":false}