{"cameraMode":{"drawMode":0,"name":"Shaded","section":"Shading Mode"},"sceneLighting":true,"audioPlay":false,"sceneViewState":{"showFog":true,"showMaterialUpdate":false,"showSkybox":true,"showFlares":true,"showImageEffects":true,"showParticleSystems":true},"in2DMode":false,"pivot":{"x":-1.9466440677642823,"y":29.99995994567871,"z":-0.037586044520139697},"rotation":{"x":0.6512885093688965,"y":-0.0073169684037566189,"z":0.006293852813541889,"w":0.7589412927627564},"size":93.82833862304688,"orthographic":true}