{"cameraMode":{"drawMode":0,"name":"Shaded","section":"Shading Mode"},"sceneLighting":false,"audioPlay":false,"sceneViewState":{"showFog":true,"showMaterialUpdate":false,"showSkybox":false,"showFlares":true,"showImageEffects":true,"showParticleSystems":true},"in2DMode":false,"pivot":{"x":-9.05324649810791,"y":4.6275506019592289,"z":11.406393051147461},"rotation":{"x":0.6512885093688965,"y":-0.0073169684037566189,"z":0.006293852813541889,"w":0.7589412927627564},"size":14.284244537353516,"orthographic":true}