{"cameraMode":{"drawMode":0,"name":"Shaded","section":"Shading Mode"},"sceneLighting":false,"audioPlay":false,"sceneViewState":{"showFog":true,"showMaterialUpdate":false,"showSkybox":false,"showFlares":true,"showImageEffects":true,"showParticleSystems":true},"in2DMode":false,"pivot":{"x":-6.0776753425598148,"y":0.10764110088348389,"z":-0.0007337331771850586},"rotation":{"x":0.07633065432310105,"y":-0.21802200376987458,"z":-0.017094768583774568,"w":-0.9729453921318054},"size":7.514555931091309,"orthographic":true}