{"cameraMode":{"drawMode":0,"name":"Shaded","section":"Shading Mode"},"sceneLighting":false,"audioPlay":false,"sceneViewState":{"showFog":true,"showMaterialUpdate":false,"showSkybox":false,"showFlares":true,"showImageEffects":true,"showParticleSystems":true},"in2DMode":false,"pivot":{"x":0.0026973485946655275,"y":0.012472152709960938,"z":0.02533555030822754},"rotation":{"x":0.04755917191505432,"y":0.5755311250686646,"z":-0.033519696444272998,"w":0.8158735036849976},"size":6.3839497566223148,"orthographic":true}