{"cameraMode":{"drawMode":0,"name":"Shaded","section":"Shading Mode"},"sceneLighting":false,"audioPlay":false,"sceneViewState":{"showFog":true,"showMaterialUpdate":false,"showSkybox":false,"showFlares":true,"showImageEffects":true,"showParticleSystems":true},"in2DMode":false,"pivot":{"x":-2.680000066757202,"y":0.034639716148376468,"z":-0.09445297718048096},"rotation":{"x":0.2518424391746521,"y":-0.1808406114578247,"z":0.04786676540970802,"w":0.9496581554412842},"size":6.352934837341309,"orthographic":true}