{"cameraMode":{"drawMode":0,"name":"Shaded","section":"Shading Mode"},"sceneLighting":false,"audioPlay":false,"sceneViewState":{"showFog":true,"showMaterialUpdate":false,"showSkybox":false,"showFlares":true,"showImageEffects":true,"showParticleSystems":true},"in2DMode":false,"pivot":{"x":-10.438915252685547,"y":0.7859268188476563,"z":0.28090572357177737},"rotation":{"x":0.6512885093688965,"y":-0.0073169684037566189,"z":0.006293852813541889,"w":0.7589412927627564},"size":5.559828758239746,"orthographic":true}